{
  "accuracy": 0.9330669330669331,
  "precision_weighted": 0.9330824820226805,
  "recall_weighted": 0.9330669330669331,
  "f1_weighted": 0.9327837634726656,
  "test_samples": 1001
}
